epoch,rf_rmse
200,0.6995169520378113
400,0.6626721024513245
600,0.6085853576660156
800,0.557831346988678
1000,0.6002271771430969
1000,0.6002271771430969
