epoch,rf_rmse
200,9.857666969299316
400,9.732067108154297
600,9.624627113342285
800,9.747808456420898
1000,9.8038330078125
1200,9.788501739501953
1400,9.72789478302002
1500,9.686934471130371
