epoch,rf_rmse
200,0.8995411396026611
400,0.5647966861724854
600,0.6444165706634521
800,0.5794979333877563
1000,0.5524454116821289
1000,0.5524454116821289
