epoch,rf_rmse
200,1.0954877138137817
400,0.5967471599578857
600,0.5722735524177551
800,0.655225396156311
1000,0.5802171230316162
1200,0.6406729817390442
1400,0.6716495156288147
1500,0.6310225129127502
