epoch,rf_rmse
200,5.20267915725708
400,5.544939041137695
600,3.871185302734375
800,2.7431416511535645
1000,1.9125757217407227
1200,1.6658469438552856
1400,1.7449485063552856
1500,1.53044855594635
