epoch,rf_rmse
200,1.5762253999710083
400,1.4390872716903687
600,1.3995795249938965
800,1.446610927581787
1000,1.4399638175964355
1000,1.4399638175964355
