epoch,rf_rmse
200,4.529703140258789
400,1.972852110862732
600,1.730202555656433
800,2.2771596908569336
1000,1.5320180654525757
1000,1.5320180654525757
