epoch,rf_rmse
200,0.6177457571029663
400,0.7477951645851135
600,0.4564768075942993
800,0.6547800302505493
1000,0.4865776002407074
1200,0.45994454622268677
1400,0.4841601550579071
1500,0.48027291893959045
