epoch,rf_rmse
200,1.9516175985336304
400,1.6956685781478882
600,1.3885815143585205
800,1.1317353248596191
1000,1.0459794998168945
1200,0.9793855547904968
1400,0.9078314900398254
1500,1.0253053903579712
