epoch,rf_rmse
200,3.8370985984802246
400,2.3634023666381836
600,1.9133872985839844
800,1.8961304426193237
1000,1.6328082084655762
1200,1.5467628240585327
1400,1.5725529193878174
1600,1.5403892993927002
1800,1.598707675933838
2000,1.6372283697128296
2000,1.6372283697128296
