epoch,rf_rmse
200,1.0067726373672485
400,0.8171877861022949
600,0.6702805757522583
800,0.7057979702949524
1000,0.6970191597938538
1200,0.6818742156028748
1400,0.723229169845581
1500,0.7600685358047485
