epoch,rf_rmse
300,0.7816845774650574
600,0.6458947658538818
900,0.6504688262939453
1200,0.6826614141464233
1500,0.6874738335609436
1500,0.6874738335609436
