epoch,rf_rmse
200,1.6514064073562622
400,1.5248252153396606
600,1.4670802354812622
800,1.5354180335998535
1000,1.5549474954605103
1200,1.6097042560577393
1400,1.5689644813537598
1500,1.6116639375686646
