epoch,rf_rmse
200,0.9800491333007812
400,0.6183472871780396
500,0.6371111273765564
