epoch,rf_rmse
200,1.0849244594573975
400,0.9084945917129517
600,0.8163221478462219
800,0.8526222705841064
1000,0.7401705980300903
1200,0.7688599824905396
1400,0.7571888566017151
1600,0.7502602338790894
1800,0.8255360126495361
2000,0.7609962224960327
2000,0.7609962224960327
