epoch,rf_rmse
200,0.7373767495155334
400,0.6457662582397461
500,0.6595180034637451
