epoch,rf_rmse
200,1.5988774299621582
400,1.496005654335022
600,1.4724899530410767
800,1.5202504396438599
1000,1.3666727542877197
1200,1.3477872610092163
1400,1.5326567888259888
1500,1.2984724044799805
