epoch,rf_rmse
200,1.5721566677093506
400,1.4779093265533447
600,1.3861463069915771
800,1.3772586584091187
1000,1.3237625360488892
1200,1.3288220167160034
1400,1.4327573776245117
1600,1.2837464809417725
1800,1.2819488048553467
2000,1.2285480499267578
2000,1.2285480499267578
