epoch,rf_rmse
200,0.4773375689983368
400,0.4594240188598633
600,0.4257674813270569
800,0.4351952373981476
1000,0.436977356672287
1000,0.436977356672287
