epoch,rf_rmse
200,1.596476435661316
400,1.2524495124816895
600,1.4309340715408325
800,1.304453730583191
1000,1.2291324138641357
1200,1.4174638986587524
1400,1.1358932256698608
1600,1.1870477199554443
1800,1.1721926927566528
2000,1.1594187021255493
2000,1.1594187021255493
