epoch,rf_rmse
200,17.661529541015625
400,16.010807037353516
600,16.007413864135742
800,16.006311416625977
1000,16.007368087768555
1200,16.00347137451172
1400,16.009029388427734
1500,16.006267547607422
