epoch,rf_rmse
200,2.470522403717041
400,2.192535638809204
600,2.192920207977295
800,1.691258430480957
1000,1.6583812236785889
1200,1.6320605278015137
1400,1.6016614437103271
1500,1.6690199375152588
