epoch,rf_rmse
200,2.631495475769043
400,2.0515928268432617
600,1.9582910537719727
800,1.7274470329284668
1000,1.831845760345459
1000,1.831845760345459
