epoch,rf_rmse
200,2.631495475769043
400,2.0515928268432617
600,1.9582910537719727
800,1.7274470329284668
1000,1.831845760345459
1200,1.9675252437591553
1400,1.6297463178634644
1600,1.9134973287582397
1800,1.6720209121704102
2000,1.5895016193389893
2000,1.5895016193389893
