epoch,rf_rmse
200,2.497911214828491
400,1.9676941633224487
500,1.5268033742904663
