epoch,rf_rmse
200,2.631495475769043
400,2.0515928268432617
500,2.171417713165283
