epoch,rf_rmse
200,0.9800491333007812
400,0.6183472871780396
600,0.5758981108665466
800,0.5768396258354187
1000,0.6339199542999268
1200,0.574792742729187
1400,0.5593226552009583
1600,0.6090133786201477
1800,0.6028203964233398
2000,0.6036876440048218
2000,0.6036876440048218
