epoch,rf_rmse
200,3.089247941970825
400,1.1452471017837524
500,1.277700662612915
