epoch,rf_rmse
200,3.5048158168792725
400,2.361048936843872
600,2.286008596420288
800,1.9280428886413574
1000,1.6087007522583008
1200,1.720332384109497
1400,1.7017954587936401
1500,1.6894125938415527
