epoch,rf_rmse
200,16.007373809814453
400,16.010231018066406
600,16.00741958618164
800,16.00630760192871
1000,16.007368087768555
1200,16.00347328186035
1400,16.009029388427734
1500,16.006267547607422
