epoch,rf_rmse
200,0.7266950607299805
400,0.6799672245979309
500,0.579246461391449
