epoch,rf_rmse
200,1.9839023351669312
400,1.7496213912963867
500,1.7644366025924683
