epoch,rf_rmse
200,1.9070242643356323
400,1.3640856742858887
600,1.2743135690689087
800,1.3526304960250854
1000,1.2216212749481201
1200,1.3813049793243408
1400,1.1785881519317627
1500,1.21469247341156
