epoch,rf_rmse
200,1.9839023351669312
400,1.7496213912963867
600,1.9728492498397827
800,1.790886402130127
1000,1.1617375612258911
1000,1.1617375612258911
