epoch,rf_rmse
200,0.9633947014808655
400,0.7790178060531616
500,0.6864398121833801
