epoch,rf_rmse
200,0.4858170449733734
400,0.4367479085922241
600,0.4128657579421997
800,0.43413621187210083
1000,0.4338496923446655
1200,0.4036893844604492
1400,0.41812023520469666
1500,0.435855895280838
