epoch,rf_rmse
200,2.296325206756592
400,2.3698995113372803
600,2.2445476055145264
800,2.279158592224121
1000,2.335214614868164
1200,2.350754499435425
1400,2.492398262023926
1500,2.337355852127075
