epoch,rf_rmse
200,9.740344047546387
400,9.727081298828125
600,9.6583251953125
800,9.66042709350586
1000,9.760136604309082
1200,9.766799926757812
1400,9.65809154510498
1500,9.716368675231934
