epoch,rf_rmse
200,3.3864850997924805
400,2.741140365600586
600,1.6182039976119995
800,0.9898889660835266
1000,0.8612639307975769
1200,1.275638222694397
1400,0.9077048897743225
1500,0.9777582287788391
