epoch,rf_rmse
200,5.272144794464111
400,3.050567150115967
600,1.4621566534042358
800,1.8025132417678833
1000,1.1628687381744385
1200,1.2796764373779297
1400,1.310916543006897
1600,1.3643697500228882
1800,1.1604348421096802
2000,1.239766001701355
2000,1.239766001701355
