epoch,rf_rmse
200,2.8287854194641113
400,2.2421789169311523
500,2.233189821243286
