epoch,rf_rmse
200,1.6627628803253174
400,1.307408094406128
500,0.9511057138442993
