epoch,rf_rmse
200,1.6627628803253174
400,1.307408094406128
600,0.9618396759033203
800,0.874286949634552
1000,0.8566428422927856
1000,0.8566428422927856
