epoch,rf_rmse
200,0.9800491333007812
400,0.6183472871780396
600,0.5758981108665466
800,0.5768396258354187
1000,0.6339199542999268
1000,0.6339199542999268
