epoch,rf_rmse
200,0.6995169520378113
400,0.6626721024513245
500,0.6043515205383301
