epoch,rf_rmse
200,1.0161099433898926
400,0.7893163561820984
500,0.7778639197349548
