epoch,rf_rmse
200,3.5032365322113037
400,3.5184555053710938
600,3.0086936950683594
800,3.073246955871582
1000,2.993769884109497
1200,2.9835739135742188
1400,3.1460793018341064
1500,3.081632137298584
