epoch,rf_rmse
200,2.5970852375030518
400,2.3847312927246094
600,2.4617936611175537
800,2.390449047088623
1000,2.3639559745788574
1200,2.4157235622406006
1400,2.3895740509033203
1500,2.3756422996520996
