epoch,rf_rmse
200,0.6935397982597351
400,0.5204875469207764
500,0.49645349383354187
