epoch,rf_rmse
200,0.4773375689983368
400,0.4594240188598633
600,0.4257674813270569
800,0.4351952373981476
1000,0.436977356672287
1200,0.4306696355342865
1400,0.4611700177192688
1600,0.4402453303337097
1800,0.4085053503513336
2000,0.389192670583725
2000,0.389192670583725
