epoch,rf_rmse
200,1.2120411396026611
400,0.9045187830924988
600,1.0668407678604126
800,0.8461160659790039
1000,0.8232659101486206
1200,0.7846910357475281
1400,0.7977774739265442
1500,0.7247517704963684
