epoch,rf_rmse
200,1.8986589908599854
400,1.710564374923706
600,1.6198142766952515
800,1.6328258514404297
1000,1.5755548477172852
1200,1.5740814208984375
1400,1.5606127977371216
1500,1.58638334274292
