epoch,rf_rmse
200,2.1167407035827637
400,2.1242876052856445
500,1.9613194465637207
