epoch,rf_rmse
200,1.1728867292404175
400,0.9482799172401428
600,0.9273551106452942
800,0.82182776927948
1000,0.7879639267921448
1000,0.7879639267921448
