epoch,rf_rmse
200,1.065261721611023
400,0.8485291600227356
600,0.8698378801345825
800,0.8171079754829407
1000,0.7937015295028687
1200,0.8052959442138672
1400,0.7851434350013733
1500,0.7947998046875
