epoch,rf_rmse
200,1.195044994354248
400,1.0086966753005981
500,0.9842650294303894
