epoch,rf_rmse
200,1.0161099433898926
400,0.7893163561820984
600,0.7332696318626404
800,0.6448100209236145
1000,0.6226697564125061
1000,0.6226697564125061
