epoch,rf_rmse
200,0.6995169520378113
400,0.6626721024513245
600,0.6085853576660156
800,0.557831346988678
1000,0.6002271771430969
1200,0.6043006181716919
1400,0.6141555309295654
1600,0.6215270161628723
1800,0.6127837300300598
2000,0.6300997138023376
2000,0.6300997138023376
