epoch,rf_rmse
200,2.7051713466644287
400,2.1682872772216797
600,2.2880120277404785
800,2.094575881958008
1000,2.4833288192749023
1200,2.489396572113037
1400,2.4616265296936035
1500,2.5436930656433105
