epoch,rf_rmse
200,1.596476435661316
400,1.2524495124816895
500,1.463802456855774
