epoch,rf_rmse
200,4.529703140258789
400,1.972852110862732
600,1.730202555656433
800,2.2771596908569336
1000,1.5320180654525757
1200,1.4442356824874878
1400,1.7823821306228638
1600,1.4176970720291138
1800,1.41981840133667
2000,1.423865556716919
2000,1.423865556716919
