epoch,rf_rmse
200,0.6935397982597351
400,0.5204875469207764
600,0.47785189747810364
800,0.60273677110672
1000,0.5050326585769653
1200,0.5105772614479065
1400,0.5172878503799438
1500,0.5008190870285034
