epoch,rf_rmse
200,2.497911214828491
400,1.9676941633224487
600,1.330642580986023
800,1.3803820610046387
1000,1.1692155599594116
1200,1.036285400390625
1400,0.934220016002655
1600,0.9232822060585022
1800,1.0788512229919434
2000,0.9543901681900024
2000,0.9543901681900024
