epoch,rf_rmse
200,0.602056622505188
400,0.6519705057144165
600,0.5472191572189331
800,0.5755018591880798
1000,0.5492123365402222
1200,0.5602386593818665
1400,0.5525005459785461
1500,0.5530582666397095
