epoch,rf_rmse
200,1.9838085174560547
400,2.021899938583374
600,1.2834413051605225
800,0.9605200290679932
1000,0.8847691416740417
1200,0.9123239517211914
1400,0.9181994795799255
1500,0.8457304239273071
