epoch,rf_rmse
200,1.5762253999710083
400,1.4390872716903687
500,1.4646553993225098
