epoch,rf_rmse
200,0.7589731812477112
400,0.7007556557655334
600,0.7087929844856262
800,0.6454079151153564
1000,0.6350428462028503
1200,0.6191063523292542
1400,0.6397349834442139
1500,0.6640888452529907
