epoch,rf_rmse
200,3.8370985984802246
400,2.3634023666381836
600,1.9133872985839844
800,1.8961304426193237
1000,1.6328082084655762
1000,1.6328082084655762
