epoch,rf_rmse
200,2.2193596363067627
400,2.3019111156463623
600,2.1006710529327393
800,2.054755449295044
1000,1.955522894859314
1000,1.955522894859314
