epoch,rf_rmse
200,0.5150297284126282
400,0.4410834312438965
500,0.44688549637794495
