epoch,rf_rmse
200,0.6776822805404663
400,0.6086390018463135
600,0.6527259349822998
800,0.6624066829681396
1000,0.6684013605117798
1200,0.6404786705970764
1400,0.6385461688041687
1500,0.6471917629241943
