epoch,rf_rmse
200,1.092849850654602
400,0.9880588054656982
600,1.075547218322754
800,0.7826287150382996
1000,0.7111178040504456
1200,0.5197678804397583
1400,0.6189035177230835
1500,0.5906139016151428
