epoch,rf_rmse
200,1.126610517501831
400,0.7208288908004761
600,0.636662483215332
800,0.7155053019523621
1000,0.5905755758285522
1200,0.5431135296821594
1400,0.5680992603302002
1600,0.5686342716217041
1800,0.5338650941848755
2000,0.5462934374809265
2000,0.5462934374809265
