epoch,rf_rmse
200,2.497911214828491
400,1.9676941633224487
600,1.330642580986023
800,1.3803820610046387
1000,1.1692155599594116
1000,1.1692155599594116
