epoch,rf_rmse
200,2.0451297760009766
400,1.4995206594467163
600,1.4003101587295532
800,1.5453026294708252
1000,1.4621416330337524
1200,1.568598747253418
1400,1.4285295009613037
1500,1.416772484779358
