epoch,rf_rmse
200,0.8995411396026611
400,0.5647966861724854
600,0.6444165706634521
800,0.5794979333877563
1000,0.5524454116821289
1200,0.6912970542907715
1400,0.6034708023071289
1600,0.593797504901886
1800,0.6321265697479248
2000,0.6022787690162659
2000,0.6022787690162659
