epoch,rf_rmse
200,2.2193596363067627
400,2.3019111156463623
600,2.1006710529327393
800,2.054755449295044
1000,1.955522894859314
1200,2.013169527053833
1400,2.0990610122680664
1600,2.2215237617492676
1800,2.1087262630462646
2000,2.299839973449707
2000,2.299839973449707
