epoch,rf_rmse
200,0.7373767495155334
400,0.6457662582397461
600,0.62082839012146
800,0.6294206380844116
1000,0.5742851495742798
1200,0.5995417237281799
1400,0.5988255143165588
1500,0.6219141483306885
