epoch,rf_rmse
200,1.8676291704177856
400,1.6921203136444092
600,1.4019229412078857
800,1.1961067914962769
1000,1.1849172115325928
1200,1.099908471107483
1400,1.2266937494277954
1500,1.1143983602523804
