epoch,rf_rmse
200,1.5762253999710083
400,1.4390872716903687
600,1.3995795249938965
800,1.446610927581787
1000,1.4399638175964355
1200,1.3763693571090698
1400,1.487438678741455
1600,1.3672600984573364
1800,1.414194941520691
2000,1.3020747900009155
2000,1.3020747900009155
