epoch,rf_rmse
200,1.501393437385559
400,0.9232576489448547
600,0.9276730418205261
800,0.9051769375801086
1000,0.7805443406105042
1200,0.7758679389953613
1400,0.8199115991592407
1500,0.8032523989677429
