epoch,rf_rmse
200,2.4426026344299316
400,2.106311082839966
600,2.0808568000793457
800,1.908008337020874
1000,2.062190294265747
1000,2.062190294265747
