epoch,rf_rmse
200,1.7613999843597412
400,1.5313856601715088
600,0.7904804944992065
800,0.6833634972572327
1000,0.6056003570556641
1200,0.5982642769813538
1400,0.5855352282524109
1500,0.6351271271705627
