epoch,rf_rmse
200,4.529703140258789
400,1.972852110862732
500,1.921701192855835
