epoch,rf_rmse
200,0.5076958537101746
400,0.4000353217124939
600,0.4116966426372528
800,0.3700684607028961
1000,0.3826758563518524
1200,0.38616257905960083
1400,0.39402562379837036
1500,0.36677196621894836
