epoch,rf_rmse
200,0.9790083169937134
400,0.8926427960395813
600,1.4088046550750732
800,1.3560130596160889
1000,1.318379282951355
1200,1.4070074558258057
1400,1.366764783859253
1500,1.364141821861267
