epoch,rf_rmse
200,2.2193596363067627
400,2.3019111156463623
500,2.074713945388794
