epoch,rf_rmse
200,2.9734225273132324
400,2.1593008041381836
600,2.2021491527557373
800,2.1361873149871826
1000,2.1496894359588623
1200,2.069995641708374
1400,2.1665687561035156
1500,1.9944134950637817
