epoch,rf_rmse
200,0.5249736309051514
400,0.4775725305080414
600,0.4519343376159668
800,0.48011696338653564
1000,0.4834980368614197
1200,0.45791807770729065
1400,0.4401572346687317
1600,0.4777069389820099
1800,0.46785998344421387
2000,0.45503902435302734
2000,0.45503902435302734
