epoch,rf_rmse
200,2.916926383972168
400,3.349951982498169
600,2.6662697792053223
800,2.4757590293884277
1000,2.1736183166503906
1200,2.1386091709136963
1400,2.277832269668579
1500,1.9869709014892578
