epoch,rf_rmse
200,1.9807919263839722
400,1.6375815868377686
600,1.4059816598892212
800,1.1629400253295898
1000,1.070692539215088
1200,1.091411828994751
1400,1.0736445188522339
1500,1.002902865409851
