epoch,rf_rmse
200,0.694390058517456
400,0.6784573197364807
600,0.7175565958023071
800,0.6607264876365662
1000,0.6896320581436157
1200,0.6422024369239807
1400,0.637570858001709
1500,0.6491827368736267
