epoch,rf_rmse
200,0.5313445329666138
400,0.5258216857910156
600,0.46627894043922424
800,0.4719538390636444
1000,0.46657219529151917
1200,0.4820604920387268
1400,0.48678556084632874
1500,0.46192073822021484
