epoch,rf_rmse
200,0.7266950607299805
400,0.6799672245979309
600,0.6500688195228577
800,0.6740082502365112
1000,0.6792278289794922
1000,0.6792278289794922
