epoch,rf_rmse
200,2.4426026344299316
400,2.106311082839966
600,2.0808568000793457
800,1.908008337020874
1000,2.062190294265747
1200,1.968519687652588
1400,2.0520179271698
1500,2.1410391330718994
