epoch,rf_rmse
200,0.419240802526474
400,0.38175830245018005
600,0.35445636510849
800,0.38003721833229065
1000,0.37078118324279785
1200,0.3886188566684723
1400,0.41223350167274475
1500,0.4181651473045349
