epoch,rf_rmse
200,1.6314266920089722
400,1.0810223817825317
600,1.240787386894226
800,0.9864700436592102
1000,1.2456326484680176
1200,0.8710320591926575
1400,0.6763697862625122
1600,0.7022398710250854
1800,0.7868219614028931
2000,0.699384868144989
2000,0.699384868144989
