epoch,rf_rmse
200,0.8875908851623535
400,0.779629111289978
600,0.7098196744918823
800,0.7686510682106018
1000,0.6792312264442444
1200,0.6230356097221375
1400,0.8080651760101318
1500,0.7966047525405884
