epoch,rf_rmse
200,2.4791860580444336
400,2.317962646484375
600,2.220879554748535
800,2.447755813598633
1000,1.8660598993301392
1200,1.9847617149353027
1400,1.8756349086761475
1500,2.0276811122894287
