epoch,rf_rmse
200,3.6489901542663574
400,2.3625545501708984
500,1.8666704893112183
