epoch,rf_rmse
200,1.6314266920089722
400,1.0810223817825317
600,1.240787386894226
800,0.9864700436592102
1000,1.2456326484680176
1000,1.2456326484680176
