epoch,rf_rmse
200,5.272144794464111
400,3.050567150115967
600,1.4621566534042358
800,1.8025132417678833
1000,1.1628687381744385
1000,1.1628687381744385
