epoch,rf_rmse
200,1.1728867292404175
400,0.9482799172401428
600,0.9273551106452942
800,0.82182776927948
1000,0.7879639267921448
1200,0.7696521878242493
1400,0.7434415221214294
1600,0.7294369339942932
1800,0.709844172000885
2000,0.7035765051841736
2000,0.7035765051841736
