epoch,rf_rmse
200,1.6007782220840454
400,1.3331297636032104
600,1.0668519735336304
800,0.9267998337745667
1000,1.0507229566574097
1200,0.8399772644042969
1400,0.8798043131828308
1500,1.0086407661437988
