epoch,rf_rmse
200,3.6489901542663574
400,2.3625545501708984
600,1.883708119392395
800,1.6519116163253784
1000,1.8117258548736572
1000,1.8117258548736572
