epoch,rf_rmse
200,1.6314266920089722
400,1.0810223817825317
500,1.076911449432373
