epoch,rf_rmse
200,2.0178093910217285
400,2.035637378692627
600,1.9197533130645752
800,1.8106586933135986
1000,1.860601544380188
1200,1.611859917640686
1400,1.689153790473938
1500,1.6443305015563965
