epoch,rf_rmse
200,1.596476435661316
400,1.2524495124816895
600,1.4309340715408325
800,1.304453730583191
1000,1.2291324138641357
1000,1.2291324138641357
