epoch,rf_rmse
200,1.1728867292404175
400,0.9482799172401428
500,0.8673737645149231
