epoch,rf_rmse
200,1.8102753162384033
400,1.161099910736084
600,1.063916563987732
800,1.0771383047103882
1000,0.9017249941825867
1200,0.8655403256416321
1400,0.8355699181556702
1500,0.8933269381523132
