epoch,rf_rmse
200,1.7117500305175781
400,1.1656028032302856
500,1.0480214357376099
