epoch,rf_rmse
200,0.5249736309051514
400,0.4775725305080414
500,0.4689604938030243
