epoch,rf_rmse
200,0.7334226369857788
400,0.7372102737426758
600,0.7113945484161377
800,0.709048330783844
1000,0.7065320611000061
1200,0.6904761791229248
1400,0.7014989256858826
1500,0.7009378671646118
