epoch,rf_rmse
200,2.1167407035827637
400,2.1242876052856445
600,2.1043124198913574
800,2.0017693042755127
1000,2.0176732540130615
1000,2.0176732540130615
