epoch,rf_rmse
200,3.8370985984802246
400,2.3634023666381836
500,2.1931707859039307
