epoch,rf_rmse
200,2.4426026344299316
400,2.106311082839966
500,2.0185298919677734
