epoch,rf_rmse
200,1.7117500305175781
400,1.1656028032302856
600,0.8410840034484863
800,0.8063622117042542
1000,0.6587355136871338
1200,0.6240485310554504
1400,0.5684338212013245
1600,0.8327703475952148
1800,0.6031790971755981
2000,0.8380314707756042
2000,0.8380314707756042
