epoch,rf_rmse
200,1.0897806882858276
400,0.9213225841522217
600,0.8806954026222229
800,0.8746522068977356
1000,0.8495900630950928
1200,0.8111329674720764
1400,0.817628800868988
1500,0.8289794921875
