epoch,rf_rmse
200,1.0849244594573975
400,0.9084945917129517
500,0.8599263429641724
