epoch,rf_rmse
200,0.4773375689983368
400,0.4594240188598633
500,0.43406468629837036
