epoch,rf_rmse
200,1.0849244594573975
400,0.9084945917129517
600,0.8163221478462219
800,0.8526222705841064
1000,0.7401705980300903
1000,0.7401705980300903
