epoch,rf_rmse
200,0.7011497020721436
400,0.7040596604347229
600,0.5892756581306458
800,0.5942243933677673
1000,0.5929287672042847
1200,0.5952736735343933
1400,0.5727061629295349
1500,0.6690962910652161
