epoch,rf_rmse
200,0.7373767495155334
400,0.6457662582397461
600,0.62082839012146
800,0.6294206380844116
1000,0.5742851495742798
1000,0.5742851495742798
