epoch,rf_rmse
200,2.8453800678253174
400,2.1524460315704346
600,2.332887649536133
800,2.0063538551330566
1000,2.469280481338501
1200,1.7220814228057861
1400,1.7554689645767212
1500,1.7489054203033447
