epoch,rf_rmse
200,2.4294843673706055
400,1.7966411113739014
600,1.6204301118850708
800,2.0545012950897217
1000,1.964325189590454
1200,1.6618213653564453
1400,2.037797451019287
1600,2.107410430908203
1800,1.8457945585250854
2000,1.9233636856079102
2000,1.9233636856079102
