epoch,rf_rmse
200,1.126610517501831
400,0.7208288908004761
500,1.0630028247833252
