epoch,rf_rmse
200,2.8276538848876953
400,2.686358690261841
600,2.01802396774292
800,1.6110807657241821
1000,1.6699564456939697
1200,1.479609489440918
1400,1.5039172172546387
1500,1.5381487607955933
