epoch,rf_rmse
200,3.5743227005004883
400,3.3203094005584717
600,2.711380958557129
800,2.5411243438720703
1000,2.9346818923950195
1200,2.8486883640289307
1400,2.4891092777252197
1500,2.558849334716797
