epoch,rf_rmse
200,1.7185536623001099
400,1.4752498865127563
600,0.9600451588630676
800,0.8859208226203918
1000,0.9020313024520874
1200,0.8266746401786804
1400,0.8191660046577454
1500,0.8023198843002319
