epoch,rf_rmse
200,1.195044994354248
400,1.0086966753005981
600,1.0102118253707886
800,0.8976606130599976
1000,0.8774784803390503
1200,0.8014137744903564
1400,0.8201751708984375
1500,0.7887564897537231
