epoch,rf_rmse
200,1.664650797843933
400,1.3638237714767456
600,1.0068626403808594
800,1.1113609075546265
1000,0.9499794840812683
1200,0.8473425507545471
1400,0.7728574275970459
1500,0.9512038230895996
