epoch,rf_rmse
200,0.8995411396026611
400,0.5647966861724854
500,0.641394853591919
