epoch,rf_rmse
200,2.194438934326172
400,2.6590964794158936
600,2.4723362922668457
800,2.568317174911499
1000,2.5226659774780273
1200,2.5781362056732178
1400,2.4198670387268066
1500,2.54229474067688
