epoch,rf_rmse
300,1.0067319869995117
600,0.8806954026222229
900,0.8913999199867249
1200,0.8111329674720764
1500,0.8289794921875
1500,0.8289794921875
