epoch,rf_rmse
200,3.089247941970825
400,1.1452471017837524
600,1.1282535791397095
800,1.0211212635040283
1000,0.7596583962440491
1200,0.78652423620224
1400,0.8665046691894531
1500,0.877214789390564
