epoch,rf_rmse
200,0.5624380111694336
400,0.6347335577011108
600,0.7016388177871704
800,0.5730867981910706
1000,0.6873105764389038
1200,0.639065682888031
1400,0.6950448155403137
1500,0.6980366110801697
