epoch,rf_rmse
200,1.0161099433898926
400,0.7893163561820984
600,0.7332696318626404
800,0.6448100209236145
1000,0.6226697564125061
1200,0.6660388708114624
1400,0.5987324118614197
1600,0.631878137588501
1800,0.5848113894462585
2000,0.5565173029899597
2000,0.5565173029899597
