epoch,rf_rmse
200,5.272144794464111
400,3.050567150115967
500,1.9594687223434448
