epoch,rf_rmse
200,10.143500328063965
400,9.719573020935059
600,9.730267524719238
800,9.788166999816895
1000,9.728432655334473
1200,9.857993125915527
1400,9.718875885009766
1500,9.693193435668945
