epoch,rf_rmse
200,2.497911214828491
400,1.9676941633224487
600,1.330642580986023
800,1.3803820610046387
1000,1.1692155599594116
1200,1.036285400390625
1400,0.934220016002655
1500,1.017046570777893
