epoch,rf_rmse
200,4.205878734588623
400,2.4633171558380127
600,2.210871458053589
800,1.88184654712677
1000,1.8997150659561157
1200,1.9570649862289429
1400,1.8702104091644287
1500,1.7309956550598145
