epoch,rf_rmse
200,0.5249736309051514
400,0.4775725305080414
600,0.4519343376159668
800,0.48011696338653564
1000,0.4834980368614197
1000,0.4834980368614197
