epoch,rf_rmse
200,2.7844297885894775
400,2.6854074001312256
600,2.4890425205230713
800,2.484931230545044
1000,2.5006401538848877
1200,2.3857715129852295
1400,2.4049105644226074
1500,2.3926661014556885
