epoch,rf_rmse
200,1.751923680305481
400,1.7952884435653687
600,1.885364294052124
800,1.883774995803833
1000,1.9719277620315552
1200,1.9126499891281128
1400,1.8706896305084229
1500,1.9288502931594849
