epoch,rf_rmse
200,1.5721566677093506
400,1.4779093265533447
500,1.4897692203521729
