epoch,rf_rmse
200,0.9633947014808655
400,0.7790178060531616
600,0.6678285002708435
800,0.637008786201477
1000,0.5188137888908386
1200,0.4763358533382416
1400,0.5149158239364624
1500,0.5129899978637695
