epoch,rf_rmse
200,0.6906142234802246
400,0.6752632856369019
600,0.6748850345611572
800,0.6678652167320251
1000,0.700738251209259
1200,0.7304978966712952
1400,0.7167112231254578
1500,0.7125517129898071
