epoch,rf_rmse
200,3.2980971336364746
400,2.972228527069092
600,2.782254934310913
800,2.753002882003784
1000,2.708955764770508
1200,2.2581498622894287
1400,2.488009214401245
1500,2.139589548110962
