epoch,rf_rmse
200,0.9764513373374939
400,0.7513123750686646
600,0.6458947658538818
800,0.6760069727897644
1000,0.6469977498054504
1200,0.6826614141464233
1400,0.622617781162262
1500,0.6874738335609436
