epoch,rf_rmse
200,2.3272156715393066
400,2.1631734371185303
600,2.1471385955810547
800,2.163071632385254
1000,2.2358524799346924
1200,2.0123324394226074
1400,1.9483188390731812
1500,2.1511478424072266
