epoch,rf_rmse
200,1.5721566677093506
400,1.4779093265533447
600,1.3861463069915771
800,1.3772586584091187
1000,1.3237625360488892
1000,1.3237625360488892
