epoch,rf_rmse
300,0.7915813326835632
600,0.5758981108665466
900,0.6056205034255981
1200,0.574792742729187
1500,0.5598061084747314
1500,0.5598061084747314
