epoch,rf_rmse
300,1.0895005464553833
600,0.9679511189460754
900,0.9430699944496155
1200,0.9714100956916809
1500,0.9433174729347229
1500,0.9433174729347229
