epoch,rf_rmse
200,1.3794292211532593
400,1.049796223640442
600,0.8905434608459473
800,0.7918373942375183
1000,0.7998417615890503
1200,0.7427011132240295
1400,0.7160562872886658
1500,0.6584398746490479
