epoch,rf_rmse
200,2.8287854194641113
400,2.2421789169311523
600,1.4307520389556885
800,1.0169976949691772
1000,1.0297578573226929
1000,1.0297578573226929
