epoch,rf_rmse
200,0.9633947014808655
400,0.7790178060531616
600,0.6678285002708435
800,0.637008786201477
1000,0.5188137888908386
1000,0.5188137888908386
