epoch,rf_rmse
200,2.4294843673706055
400,1.7966411113739014
500,2.33821702003479
