epoch,rf_rmse
200,0.5150297284126282
400,0.4410834312438965
600,0.43709102272987366
800,0.4264189600944519
1000,0.4406245946884155
1000,0.4406245946884155
