epoch,rf_rmse
200,1.44996178150177
400,1.5541855096817017
600,1.2903547286987305
800,1.3209023475646973
1000,1.3434264659881592
1200,1.378138780593872
1400,1.3860371112823486
1500,1.3712537288665771
