epoch,rf_rmse
200,1.61756432056427
400,0.9615973830223083
600,1.0939147472381592
800,0.8003409504890442
1000,0.7844229936599731
1200,0.8213204145431519
1400,0.761049211025238
1500,0.8252444863319397
