epoch,rf_rmse
200,2.922480344772339
400,1.1636477708816528
600,0.8552538752555847
800,0.8127475380897522
1000,0.9203965663909912
1200,0.9963090419769287
1400,0.9948093295097351
1500,0.8244641423225403
