epoch,rf_rmse
200,0.694390058517456
400,0.6784573197364807
500,0.6518189311027527
