epoch,rf_rmse
200,1.6007782220840454
400,1.3331297636032104
500,1.2853144407272339
