epoch,rf_rmse
200,1.9839023351669312
400,1.7496213912963867
600,1.9728492498397827
800,1.790886402130127
1000,1.1617375612258911
1200,0.9664021134376526
1400,0.8787098526954651
1600,0.8759118318557739
1800,0.7726381421089172
2000,0.7242580056190491
2000,0.7242580056190491
