epoch,rf_rmse
200,3.4151082038879395
400,2.49543833732605
600,2.278249502182007
800,2.285789728164673
1000,2.160039186477661
1200,2.2019548416137695
1400,2.217700242996216
1500,2.258180618286133
