epoch,rf_rmse
200,0.694390058517456
400,0.6784573197364807
600,0.7175565958023071
800,0.6607264876365662
1000,0.6896320581436157
1200,0.6422024369239807
1400,0.637570858001709
1600,0.7530814409255981
1800,0.6909922957420349
2000,0.7181721925735474
2000,0.7181721925735474
