epoch,rf_rmse
200,0.7266950607299805
400,0.6799672245979309
600,0.6500688195228577
800,0.6740082502365112
1000,0.6792278289794922
1200,0.6830642819404602
1400,0.6480320692062378
1600,0.6624040007591248
1800,0.701000452041626
2000,0.7145557999610901
2000,0.7145557999610901
